Week,EffectiveDemand_21A,SafetyStockTarget_22B,EffectiveDemand_22B,SafetyStockTarget_23C,EffectiveDemand_23C,AvailableCapacity_Total,AvailableCapacity_21A,AvailableCapacity_22B,AvailableCapacity_23C,Yield_21A,Yield_22B,Yield_23C
,,,,,,,,,,,,
,,,,,,,,,,,,
,0.0,0.0,0.0,0.0,0.0,,,,,,,
1.0,3920865476.2527657,283186617.3041231,1541047872.0,706503770.3388937,4705495605.907281,,,,,,,
2.0,3920865476.2527657,283186617.3041231,1541047872.0,706503770.3388937,4705495605.907281,,,,,,,
3.0,3920865476.2527657,283186617.3041231,1541047872.0,706503770.3388937,4705495605.907281,11037.0,5155.0,4000.0,1882.0,0.9058,0.9084,0.9055
4.0,3920865476.2527657,283186617.3041231,1541047872.0,706503770.3388937,4705495605.907281,10791.0,5258.0,4000.0,1533.0,0.9058,0.9085,0.9055
5.0,3920865476.2527657,283186617.3041231,1541047872.0,706503770.3388937,4705495605.907281,10265.0,5182.0,4000.0,1083.0,0.9059,0.9085,0.9055
6.0,3920865476.2527657,283186617.3041231,1541047872.0,706503770.3388937,4705495605.907281,10223.0,4840.0,4000.0,1383.0,0.9059,0.908,0.9052
7.0,3920865476.2527657,283186617.3041231,1541047872.0,706503770.3388937,4705495605.907281,10181.0,4890.0,4000.0,1291.0,0.9059,0.9085,0.9054
8.0,3920865476.2527657,283186617.3041231,1541047872.0,706503770.3388937,4705495605.907281,11248.0,4830.0,4016.0,2402.0,0.9059,0.9084,0.9047
9.0,3920865476.2527657,283186617.3041231,1541047872.0,706503770.3388937,4705495605.907281,12023.0,4230.0,4316.0,3477.0,0.9059,0.9085,0.9055
10.0,3920865476.2527657,283186617.3041231,1541047872.0,706503770.3388937,4705495605.907281,12066.0,4373.0,4416.0,3277.0,0.9056,0.9082,0.9047
11.0,3920865476.2527657,283186617.3041231,1541047872.0,706503770.3388937,4705495605.907281,12066.0,4000.0,4545.0,3521.0,0.9059,0.9085,0.9045
12.0,3920865476.2527657,283186617.3041231,1541047872.0,706503770.3388937,4705495605.907281,11153.0,4000.0,4000.0,3153.0,0.9059,0.9085,0.9055
13.0,3920865476.2527657,283186617.3041231,1541047872.0,706503770.3388937,4705495605.907281,10503.0,4000.0,4000.0,2503.0,0.9059,0.9083,0.9051
1.0,4857090504.084001,396739587.2068459,2358376697.6000004,947758578.0083736,6467992263.665929,,,,,,,
2.0,4857090504.084001,396739587.2068459,2358376697.6000004,947758578.0083736,6467992263.665929,,,,,,,
3.0,4857090504.084001,396739587.2068459,2358376697.6000004,947758578.0083736,6467992263.665929,11037.0,5155.0,4000.0,1882.0,0.9058,0.9084,0.9055
4.0,4857090504.084001,396739587.2068459,2358376697.6000004,947758578.0083736,6467992263.665929,10791.0,5258.0,4000.0,1533.0,0.9058,0.9085,0.9055
5.0,4857090504.084001,396739587.2068459,2358376697.6000004,947758578.0083736,6467992263.665929,10265.0,5182.0,4000.0,1083.0,0.9059,0.9085,0.9055
6.0,4857090504.084001,396739587.2068459,2358376697.6000004,947758578.0083736,6467992263.665929,10223.0,4840.0,4000.0,1383.0,0.9059,0.908,0.9052
7.0,4857090504.084001,396739587.2068459,2358376697.6000004,947758578.0083736,6467992263.665929,10181.0,4890.0,4000.0,1291.0,0.9059,0.9085,0.9054
8.0,4857090504.084001,396739587.2068459,2358376697.6000004,947758578.0083736,6467992263.665929,11248.0,4830.0,4016.0,2402.0,0.9059,0.9084,0.9047
9.0,4857090504.084001,396739587.2068459,2358376697.6000004,947758578.0083736,6467992263.665929,12023.0,4230.0,4316.0,3477.0,0.9059,0.9085,0.9055
10.0,4857090504.084001,396739587.2068459,2358376697.6000004,947758578.0083736,6467992263.665929,12066.0,4373.0,4416.0,3277.0,0.9056,0.9082,0.9047
11.0,4857090504.084001,396739587.2068459,2358376697.6000004,947758578.0083736,6467992263.665929,12066.0,4000.0,4545.0,3521.0,0.9059,0.9085,0.9045
12.0,4857090504.084001,396739587.2068459,2358376697.6000004,947758578.0083736,6467992263.665929,11153.0,4000.0,4000.0,3153.0,0.9059,0.9085,0.9055
13.0,4857090504.084001,396739587.2068459,2358376697.6000004,947758578.0083736,6467992263.665929,10503.0,4000.0,4000.0,2503.0,0.9059,0.9083,0.9051
1.0,3895110216.415329,213027450.185226,2312831674.299999,1255316127.5691347,5867076911.480407,,,,,,,
2.0,3895110216.415329,213027450.185226,2312831674.299999,1255316127.5691347,5867076911.480407,,,,,,,
3.0,3895110216.415329,213027450.185226,2312831674.299999,1255316127.5691347,5867076911.480407,11037.0,5155.0,4000.0,1882.0,0.9058,0.9084,0.9055
4.0,3895110216.415329,213027450.185226,2312831674.299999,1255316127.5691347,5867076911.480407,10791.0,5258.0,4000.0,1533.0,0.9058,0.9085,0.9055
5.0,3895110216.415329,213027450.185226,2312831674.299999,1255316127.5691347,5867076911.480407,10265.0,5182.0,4000.0,1083.0,0.9059,0.9085,0.9055
6.0,3895110216.415329,213027450.185226,2312831674.299999,1255316127.5691347,5867076911.480407,10223.0,4840.0,4000.0,1383.0,0.9059,0.908,0.9052
7.0,3895110216.415329,213027450.185226,2312831674.299999,1255316127.5691347,5867076911.480407,10181.0,4890.0,4000.0,1291.0,0.9059,0.9085,0.9054
8.0,3895110216.415329,213027450.185226,2312831674.299999,1255316127.5691347,5867076911.480407,11248.0,4830.0,4016.0,2402.0,0.9059,0.9084,0.9047
9.0,3895110216.415329,213027450.185226,2312831674.299999,1255316127.5691347,5867076911.480407,12023.0,4230.0,4316.0,3477.0,0.9059,0.9085,0.9055
10.0,3895110216.415329,213027450.185226,2312831674.299999,1255316127.5691347,5867076911.480407,12066.0,4373.0,4416.0,3277.0,0.9056,0.9082,0.9047
11.0,3895110216.415329,213027450.185226,2312831674.299999,1255316127.5691347,5867076911.480407,12066.0,4000.0,4545.0,3521.0,0.9059,0.9085,0.9045
12.0,3895110216.415329,213027450.185226,2312831674.299999,1255316127.5691347,5867076911.480407,11153.0,4000.0,4000.0,3153.0,0.9059,0.9085,0.9055
13.0,3895110216.415329,213027450.185226,2312831674.299999,1255316127.5691347,5867076911.480407,10503.0,4000.0,4000.0,2503.0,0.9059,0.9083,0.9051
1.0,3422192793.3201494,228154867.3361104,1241864059.3757567,1505515703.428649,6276580637.845675,,,,,,,
2.0,3422192793.3201494,228154867.3361104,1241864059.3757567,1505515703.428649,6276580637.845675,,,,,,,
3.0,3422192793.3201494,228154867.3361104,1241864059.3757567,1505515703.428649,6276580637.845675,11037.0,5155.0,4000.0,1882.0,0.9058,0.9084,0.9055
4.0,3422192793.3201494,228154867.3361104,1241864059.3757567,1505515703.428649,6276580637.845675,10791.0,5258.0,4000.0,1533.0,0.9058,0.9085,0.9055
5.0,3422192793.3201494,228154867.3361104,1241864059.3757567,1505515703.428649,6276580637.845675,10265.0,5182.0,4000.0,1083.0,0.9059,0.9085,0.9055
6.0,3422192793.3201494,228154867.3361104,1241864059.3757567,1505515703.428649,6276580637.845675,10223.0,4840.0,4000.0,1383.0,0.9059,0.908,0.9052
7.0,3422192793.3201494,228154867.3361104,1241864059.3757567,1505515703.428649,6276580637.845675,10181.0,4890.0,4000.0,1291.0,0.9059,0.9085,0.9054
8.0,3422192793.3201494,228154867.3361104,1241864059.3757567,1505515703.428649,6276580637.845675,11248.0,4830.0,4016.0,2402.0,0.9059,0.9084,0.9047
9.0,3422192793.3201494,228154867.3361104,1241864059.3757567,1505515703.428649,6276580637.845675,12023.0,4230.0,4316.0,3477.0,0.9059,0.9085,0.9055
10.0,3422192793.3201494,228154867.3361104,1241864059.3757567,1505515703.428649,6276580637.845675,12066.0,4373.0,4416.0,3277.0,0.9056,0.9082,0.9047
11.0,3422192793.3201494,228154867.3361104,1241864059.3757567,1505515703.428649,6276580637.845675,12066.0,4000.0,4545.0,3521.0,0.9059,0.9085,0.9045
12.0,3422192793.3201494,228154867.3361104,1241864059.3757567,1505515703.428649,6276580637.845675,11153.0,4000.0,4000.0,3153.0,0.9059,0.9085,0.9055
13.0,3422192793.3201494,228154867.3361104,1241864059.3757567,1505515703.428649,6276580637.845675,10503.0,4000.0,4000.0,2503.0,0.9059,0.9083,0.9051
1.0,7028084658.140007,272551315.15328914,2660101592.2595825,1245147107.3478353,15055157034.286486,,,,,,,
2.0,7028084658.140007,272551315.15328914,2660101592.2595825,1245147107.3478353,15055157034.286486,,,,,,,
3.0,7028084658.140007,272551315.15328914,2660101592.2595825,1245147107.3478353,15055157034.286486,11037.0,5155.0,4000.0,1882.0,0.9058,0.9084,0.9055
4.0,7028084658.140007,272551315.15328914,2660101592.2595825,1245147107.3478353,15055157034.286486,10791.0,5258.0,4000.0,1533.0,0.9058,0.9085,0.9055
5.0,7028084658.140007,272551315.15328914,2660101592.2595825,1245147107.3478353,15055157034.286486,10265.0,5182.0,4000.0,1083.0,0.9059,0.9085,0.9055
6.0,7028084658.140007,272551315.15328914,2660101592.2595825,1245147107.3478353,15055157034.286486,10223.0,4840.0,4000.0,1383.0,0.9059,0.908,0.9052
7.0,7028084658.140007,272551315.15328914,2660101592.2595825,1245147107.3478353,15055157034.286486,10181.0,4890.0,4000.0,1291.0,0.9059,0.9085,0.9054
8.0,7028084658.140007,272551315.15328914,2660101592.2595825,1245147107.3478353,15055157034.286486,11248.0,4830.0,4016.0,2402.0,0.9059,0.9084,0.9047
9.0,7028084658.140007,272551315.15328914,2660101592.2595825,1245147107.3478353,15055157034.286486,12023.0,4230.0,4316.0,3477.0,0.9059,0.9085,0.9055
10.0,7028084658.140007,272551315.15328914,2660101592.2595825,1245147107.3478353,15055157034.286486,12066.0,4373.0,4416.0,3277.0,0.9056,0.9082,0.9047
11.0,7028084658.140007,272551315.15328914,2660101592.2595825,1245147107.3478353,15055157034.286486,12066.0,4000.0,4545.0,3521.0,0.9059,0.9085,0.9045
12.0,7028084658.140007,272551315.15328914,2660101592.2595825,1245147107.3478353,15055157034.286486,11153.0,4000.0,4000.0,3153.0,0.9059,0.9085,0.9055
13.0,7028084658.140007,272551315.15328914,2660101592.2595825,1245147107.3478353,15055157034.286486,10503.0,4000.0,4000.0,2503.0,0.9059,0.9083,0.9051
1.0,2849951522.6000447,235712126.7930976,1588864169.055049,950490474.8088772,6225735536.739175,,,,,,,
2.0,2849951522.6000447,235712126.7930976,1588864169.055049,950490474.8088772,6225735536.739175,,,,,,,
3.0,2849951522.6000447,235712126.7930976,1588864169.055049,950490474.8088772,6225735536.739175,11037.0,5155.0,4000.0,1882.0,0.9058,0.9084,0.9055
4.0,2849951522.6000447,235712126.7930976,1588864169.055049,950490474.8088772,6225735536.739175,10791.0,5258.0,4000.0,1533.0,0.9058,0.9085,0.9055
5.0,2849951522.6000447,235712126.7930976,1588864169.055049,950490474.8088772,6225735536.739175,10265.0,5182.0,4000.0,1083.0,0.9059,0.9085,0.9055
6.0,2849951522.6000447,235712126.7930976,1588864169.055049,950490474.8088772,6225735536.739175,10223.0,4840.0,4000.0,1383.0,0.9059,0.908,0.9052
7.0,2849951522.6000447,235712126.7930976,1588864169.055049,950490474.8088772,6225735536.739175,10181.0,4890.0,4000.0,1291.0,0.9059,0.9085,0.9054
8.0,2849951522.6000447,235712126.7930976,1588864169.055049,950490474.8088772,6225735536.739175,11248.0,4830.0,4016.0,2402.0,0.9059,0.9084,0.9047
9.0,2849951522.6000447,235712126.7930976,1588864169.055049,950490474.8088772,6225735536.739175,12023.0,4230.0,4316.0,3477.0,0.9059,0.9085,0.9055
10.0,2849951522.6000447,235712126.7930976,1588864169.055049,950490474.8088772,6225735536.739175,12066.0,4373.0,4416.0,3277.0,0.9056,0.9082,0.9047
11.0,2849951522.6000447,235712126.7930976,1588864169.055049,950490474.8088772,6225735536.739175,12066.0,4000.0,4545.0,3521.0,0.9059,0.9085,0.9045
12.0,2849951522.6000447,235712126.7930976,1588864169.055049,950490474.8088772,6225735536.739175,11153.0,4000.0,4000.0,3153.0,0.9059,0.9085,0.9055
13.0,2849951522.6000447,235712126.7930976,1588864169.055049,950490474.8088772,6225735536.739175,10503.0,4000.0,4000.0,2503.0,0.9059,0.9083,0.9051
1.0,944509748.5514634,228618627.10814825,1479807074.0373838,557841858.418099,5118025633.586262,,,,,,,
2.0,944509748.5514634,228618627.10814825,1479807074.0373838,557841858.418099,5118025633.586262,,,,,,,
3.0,944509748.5514634,228618627.10814825,1479807074.0373838,557841858.418099,5118025633.586262,11037.0,5155.0,4000.0,1882.0,0.9058,0.9084,0.9055
4.0,944509748.5514634,228618627.10814825,1479807074.0373838,557841858.418099,5118025633.586262,10791.0,5258.0,4000.0,1533.0,0.9058,0.9085,0.9055
5.0,944509748.5514634,228618627.10814825,1479807074.0373838,557841858.418099,5118025633.586262,10265.0,5182.0,4000.0,1083.0,0.9059,0.9085,0.9055
6.0,944509748.5514634,228618627.10814825,1479807074.0373838,557841858.418099,5118025633.586262,10223.0,4840.0,4000.0,1383.0,0.9059,0.908,0.9052
7.0,944509748.5514634,228618627.10814825,1479807074.0373838,557841858.418099,5118025633.586262,10181.0,4890.0,4000.0,1291.0,0.9059,0.9085,0.9054
8.0,944509748.5514634,228618627.10814825,1479807074.0373838,557841858.418099,5118025633.586262,11248.0,4830.0,4016.0,2402.0,0.9059,0.9084,0.9047
9.0,944509748.5514634,228618627.10814825,1479807074.0373838,557841858.418099,5118025633.586262,12023.0,4230.0,4316.0,3477.0,0.9059,0.9085,0.9055
10.0,944509748.5514634,228618627.10814825,1479807074.0373838,557841858.418099,5118025633.586262,12066.0,4373.0,4416.0,3277.0,0.9056,0.9082,0.9047
11.0,944509748.5514634,228618627.10814825,1479807074.0373838,557841858.418099,5118025633.586262,12066.0,4000.0,4545.0,3521.0,0.9059,0.9085,0.9045
12.0,944509748.5514634,228618627.10814825,1479807074.0373838,557841858.418099,5118025633.586262,11153.0,4000.0,4000.0,3153.0,0.9059,0.9085,0.9055
13.0,944509748.5514634,228618627.10814825,1479807074.0373838,557841858.418099,5118025633.586262,10503.0,4000.0,4000.0,2503.0,0.9059,0.9083,0.9051
1.0,1485694253.631425,203069711.7995721,1332754328.4331512,423382482.23913056,2789209292.090495,,,,,,,
2.0,1485694253.631425,203069711.7995721,1332754328.4331512,423382482.23913056,2789209292.090495,,,,,,,
3.0,1485694253.631425,203069711.7995721,1332754328.4331512,423382482.23913056,2789209292.090495,11037.0,5155.0,4000.0,1882.0,0.9058,0.9084,0.9055
4.0,1485694253.631425,203069711.7995721,1332754328.4331512,423382482.23913056,2789209292.090495,10791.0,5258.0,4000.0,1533.0,0.9058,0.9085,0.9055
5.0,1485694253.631425,203069711.7995721,1332754328.4331512,423382482.23913056,2789209292.090495,10265.0,5182.0,4000.0,1083.0,0.9059,0.9085,0.9055
6.0,1485694253.631425,203069711.7995721,1332754328.4331512,423382482.23913056,2789209292.090495,10223.0,4840.0,4000.0,1383.0,0.9059,0.908,0.9052
7.0,1485694253.631425,203069711.7995721,1332754328.4331512,423382482.23913056,2789209292.090495,10181.0,4890.0,4000.0,1291.0,0.9059,0.9085,0.9054
8.0,1485694253.631425,203069711.7995721,1332754328.4331512,423382482.23913056,2789209292.090495,11248.0,4830.0,4016.0,2402.0,0.9059,0.9084,0.9047
9.0,1485694253.631425,203069711.7995721,1332754328.4331512,423382482.23913056,2789209292.090495,12023.0,4230.0,4316.0,3477.0,0.9059,0.9085,0.9055
10.0,1485694253.631425,203069711.7995721,1332754328.4331512,423382482.23913056,2789209292.090495,12066.0,4373.0,4416.0,3277.0,0.9056,0.9082,0.9047
11.0,1485694253.631425,203069711.7995721,1332754328.4331512,423382482.23913056,2789209292.090495,12066.0,4000.0,4545.0,3521.0,0.9059,0.9085,0.9045
12.0,1485694253.631425,203069711.7995721,1332754328.4331512,423382482.23913056,2789209292.090495,11153.0,4000.0,4000.0,3153.0,0.9059,0.9085,0.9055
13.0,1485694253.631425,203069711.7995721,1332754328.4331512,423382482.23913056,2789209292.090495,10503.0,4000.0,4000.0,2503.0,0.9059,0.9083,0.9051
1.0,1470743573.2016497,169041931.49319857,1183814463.4055777,329349303.42925304,2116912411.1956527,,,,,,,
2.0,1470743573.2016497,169041931.49319857,1183814463.4055777,329349303.42925304,2116912411.1956527,,,,,,,
3.0,1470743573.2016497,169041931.49319857,1183814463.4055777,329349303.42925304,2116912411.1956527,11037.0,5155.0,4000.0,1882.0,0.9058,0.9084,0.9055
4.0,1470743573.2016497,169041931.49319857,1183814463.4055777,329349303.42925304,2116912411.1956527,10791.0,5258.0,4000.0,1533.0,0.9058,0.9085,0.9055
5.0,1470743573.2016497,169041931.49319857,1183814463.4055777,329349303.42925304,2116912411.1956527,10265.0,5182.0,4000.0,1083.0,0.9059,0.9085,0.9055
6.0,1470743573.2016497,169041931.49319857,1183814463.4055777,329349303.42925304,2116912411.1956527,10223.0,4840.0,4000.0,1383.0,0.9059,0.908,0.9052
7.0,1470743573.2016497,169041931.49319857,1183814463.4055777,329349303.42925304,2116912411.1956527,10181.0,4890.0,4000.0,1291.0,0.9059,0.9085,0.9054
8.0,1470743573.2016497,169041931.49319857,1183814463.4055777,329349303.42925304,2116912411.1956527,11248.0,4830.0,4016.0,2402.0,0.9059,0.9084,0.9047
9.0,1470743573.2016497,169041931.49319857,1183814463.4055777,329349303.42925304,2116912411.1956527,12023.0,4230.0,4316.0,3477.0,0.9059,0.9085,0.9055
10.0,1470743573.2016497,169041931.49319857,1183814463.4055777,329349303.42925304,2116912411.1956527,12066.0,4373.0,4416.0,3277.0,0.9056,0.9082,0.9047
11.0,1470743573.2016497,169041931.49319857,1183814463.4055777,329349303.42925304,2116912411.1956527,12066.0,4000.0,4545.0,3521.0,0.9059,0.9085,0.9045
12.0,1470743573.2016497,169041931.49319857,1183814463.4055777,329349303.42925304,2116912411.1956527,11153.0,4000.0,4000.0,3153.0,0.9059,0.9085,0.9055
13.0,1470743573.2016497,169041931.49319857,1183814463.4055777,329349303.42925304,2116912411.1956527,10503.0,4000.0,4000.0,2503.0,0.9059,0.9083,0.9051
1.0,3022301940.3055,145858376.3124611,2956338712.212891,299385627.2526903,4940239551.43881,,,,,,,
2.0,3022301940.3055,145858376.3124611,2956338712.212891,299385627.2526903,4940239551.43881,,,,,,,
3.0,3022301940.3055,145858376.3124611,2956338712.212891,299385627.2526903,4940239551.43881,11037.0,5155.0,4000.0,1882.0,0.9058,0.9084,0.9055
4.0,3022301940.3055,145858376.3124611,2956338712.212891,299385627.2526903,4940239551.43881,10791.0,5258.0,4000.0,1533.0,0.9058,0.9085,0.9055
5.0,3022301940.3055,145858376.3124611,2956338712.212891,299385627.2526903,4940239551.43881,10265.0,5182.0,4000.0,1083.0,0.9059,0.9085,0.9055
6.0,3022301940.3055,145858376.3124611,2956338712.212891,299385627.2526903,4940239551.43881,10223.0,4840.0,4000.0,1383.0,0.9059,0.908,0.9052
7.0,3022301940.3055,145858376.3124611,2956338712.212891,299385627.2526903,4940239551.43881,10181.0,4890.0,4000.0,1291.0,0.9059,0.9085,0.9054
8.0,3022301940.3055,145858376.3124611,2956338712.212891,299385627.2526903,4940239551.43881,11248.0,4830.0,4016.0,2402.0,0.9059,0.9084,0.9047
9.0,3022301940.3055,145858376.3124611,2956338712.212891,299385627.2526903,4940239551.43881,12023.0,4230.0,4316.0,3477.0,0.9059,0.9085,0.9055
10.0,3022301940.3055,145858376.3124611,2956338712.212891,299385627.2526903,4940239551.43881,12066.0,4373.0,4416.0,3277.0,0.9056,0.9082,0.9047
11.0,3022301940.3055,145858376.3124611,2956338712.212891,299385627.2526903,4940239551.43881,12066.0,4000.0,4545.0,3521.0,0.9059,0.9085,0.9045
12.0,3022301940.3055,145858376.3124611,2956338712.212891,299385627.2526903,4940239551.43881,11153.0,4000.0,4000.0,3153.0,0.9059,0.9085,0.9055
13.0,3022301940.3055,145858376.3124611,2956338712.212891,299385627.2526903,4940239551.43881,10503.0,4000.0,4000.0,2503.0,0.9059,0.9083,0.9051
1.0,2314112357.688512,37348231.427510895,850295467.2923743,295325594.98422664,1496928136.263451,,,,,,,
2.0,2314112357.688512,37348231.427510895,850295467.2923743,295325594.98422664,1496928136.263451,,,,,,,
3.0,2314112357.688512,37348231.427510895,850295467.2923743,295325594.98422664,1496928136.263451,11037.0,5155.0,4000.0,1882.0,0.9058,0.9084,0.9055
4.0,2314112357.688512,37348231.427510895,850295467.2923743,295325594.98422664,1496928136.263451,10791.0,5258.0,4000.0,1533.0,0.9058,0.9085,0.9055
5.0,2314112357.688512,37348231.427510895,850295467.2923743,295325594.98422664,1496928136.263451,10265.0,5182.0,4000.0,1083.0,0.9059,0.9085,0.9055
6.0,2314112357.688512,37348231.427510895,850295467.2923743,295325594.98422664,1496928136.263451,10223.0,4840.0,4000.0,1383.0,0.9059,0.908,0.9052
7.0,2314112357.688512,37348231.427510895,850295467.2923743,295325594.98422664,1496928136.263451,10181.0,4890.0,4000.0,1291.0,0.9059,0.9085,0.9054
8.0,2314112357.688512,37348231.427510895,850295467.2923743,295325594.98422664,1496928136.263451,11248.0,4830.0,4016.0,2402.0,0.9059,0.9084,0.9047
9.0,2314112357.688512,37348231.427510895,850295467.2923743,295325594.98422664,1496928136.263451,12023.0,4230.0,4316.0,3477.0,0.9059,0.9085,0.9055
10.0,2314112357.688512,37348231.427510895,850295467.2923743,295325594.98422664,1496928136.263451,12066.0,4373.0,4416.0,3277.0,0.9056,0.9082,0.9047
11.0,2314112357.688512,37348231.427510895,850295467.2923743,295325594.98422664,1496928136.263451,12066.0,4000.0,4545.0,3521.0,0.9059,0.9085,0.9045
12.0,2314112357.688512,37348231.427510895,850295467.2923743,295325594.98422664,1496928136.263451,11153.0,4000.0,4000.0,3153.0,0.9059,0.9085,0.9055
13.0,2314112357.688512,37348231.427510895,850295467.2923743,295325594.98422664,1496928136.263451,10503.0,4000.0,4000.0,2503.0,0.9059,0.9083,0.9051
1.0,2151412652.855592,29466118.228894003,217725115.9451308,303687636.2484366,1476627974.921133,,,,,,,
2.0,2151412652.855592,29466118.228894003,217725115.9451308,303687636.2484366,1476627974.921133,,,,,,,
3.0,2151412652.855592,29466118.228894003,217725115.9451308,303687636.2484366,1476627974.921133,11037.0,5155.0,4000.0,1882.0,0.9058,0.9084,0.9055
4.0,2151412652.855592,29466118.228894003,217725115.9451308,303687636.2484366,1476627974.921133,10791.0,5258.0,4000.0,1533.0,0.9058,0.9085,0.9055
5.0,2151412652.855592,29466118.228894003,217725115.9451308,303687636.2484366,1476627974.921133,10265.0,5182.0,4000.0,1083.0,0.9059,0.9085,0.9055
6.0,2151412652.855592,29466118.228894003,217725115.9451308,303687636.2484366,1476627974.921133,10223.0,4840.0,4000.0,1383.0,0.9059,0.908,0.9052
7.0,2151412652.855592,29466118.228894003,217725115.9451308,303687636.2484366,1476627974.921133,10181.0,4890.0,4000.0,1291.0,0.9059,0.9085,0.9054
8.0,2151412652.855592,29466118.228894003,217725115.9451308,303687636.2484366,1476627974.921133,11248.0,4830.0,4016.0,2402.0,0.9059,0.9084,0.9047
9.0,2151412652.855592,29466118.228894003,217725115.9451308,303687636.2484366,1476627974.921133,12023.0,4230.0,4316.0,3477.0,0.9059,0.9085,0.9055
10.0,2151412652.855592,29466118.228894003,217725115.9451308,303687636.2484366,1476627974.921133,12066.0,4373.0,4416.0,3277.0,0.9056,0.9082,0.9047
11.0,2151412652.855592,29466118.228894003,217725115.9451308,303687636.2484366,1476627974.921133,12066.0,4000.0,4545.0,3521.0,0.9059,0.9085,0.9045
12.0,2151412652.855592,29466118.228894003,217725115.9451308,303687636.2484366,1476627974.921133,11153.0,4000.0,4000.0,3153.0,0.9059,0.9085,0.9055
13.0,2151412652.855592,29466118.228894003,217725115.9451308,303687636.2484366,1476627974.921133,10503.0,4000.0,4000.0,2503.0,0.9059,0.9083,0.9051
1.0,1963712435.7848408,20702458.79896478,171775577.11911303,226764404.2723092,1518438181.242183,,,,,,,
2.0,1963712435.7848408,20702458.79896478,171775577.11911303,226764404.2723092,1518438181.242183,,,,,,,
3.0,1963712435.7848408,20702458.79896478,171775577.11911303,226764404.2723092,1518438181.242183,11037.0,5155.0,4000.0,1882.0,0.9058,0.9084,0.9055
4.0,1963712435.7848408,20702458.79896478,171775577.11911303,226764404.2723092,1518438181.242183,10791.0,5258.0,4000.0,1533.0,0.9058,0.9085,0.9055
5.0,1963712435.7848408,20702458.79896478,171775577.11911303,226764404.2723092,1518438181.242183,10265.0,5182.0,4000.0,1083.0,0.9059,0.9085,0.9055
6.0,1963712435.7848408,20702458.79896478,171775577.11911303,226764404.2723092,1518438181.242183,10223.0,4840.0,4000.0,1383.0,0.9059,0.908,0.9052
7.0,1963712435.7848408,20702458.79896478,171775577.11911303,226764404.2723092,1518438181.242183,10181.0,4890.0,4000.0,1291.0,0.9059,0.9085,0.9054
8.0,1963712435.7848408,20702458.79896478,171775577.11911303,226764404.2723092,1518438181.242183,11248.0,4830.0,4016.0,2402.0,0.9059,0.9084,0.9047
9.0,1963712435.7848408,20702458.79896478,171775577.11911303,226764404.2723092,1518438181.242183,12023.0,4230.0,4316.0,3477.0,0.9059,0.9085,0.9055
10.0,1963712435.7848408,20702458.79896478,171775577.11911303,226764404.2723092,1518438181.242183,12066.0,4373.0,4416.0,3277.0,0.9056,0.9082,0.9047
11.0,1963712435.7848408,20702458.79896478,171775577.11911303,226764404.2723092,1518438181.242183,12066.0,4000.0,4545.0,3521.0,0.9059,0.9085,0.9045
12.0,1963712435.7848408,20702458.79896478,171775577.11911303,226764404.2723092,1518438181.242183,11153.0,4000.0,4000.0,3153.0,0.9059,0.9085,0.9055
13.0,1963712435.7848408,20702458.79896478,171775577.11911303,226764404.2723092,1518438181.242183,10503.0,4000.0,4000.0,2503.0,0.9059,0.9083,0.9051
1.0,1920989710.5716584,20702458.79896476,120686979.5455346,206098486.8323092,1133822021.3615458,,,,,,,
2.0,1920989710.5716584,20702458.79896476,120686979.5455346,206098486.8323092,1133822021.3615458,,,,,,,
3.0,1920989710.5716584,20702458.79896476,120686979.5455346,206098486.8323092,1133822021.3615458,11037.0,5155.0,4000.0,1882.0,0.9058,0.9084,0.9055
4.0,1920989710.5716584,20702458.79896476,120686979.5455346,206098486.8323092,1133822021.3615458,10791.0,5258.0,4000.0,1533.0,0.9058,0.9085,0.9055
5.0,1920989710.5716584,20702458.79896476,120686979.5455346,206098486.8323092,1133822021.3615458,10265.0,5182.0,4000.0,1083.0,0.9059,0.9085,0.9055
6.0,1920989710.5716584,20702458.79896476,120686979.5455346,206098486.8323092,1133822021.3615458,10223.0,4840.0,4000.0,1383.0,0.9059,0.908,0.9052
7.0,1920989710.5716584,20702458.79896476,120686979.5455346,206098486.8323092,1133822021.3615458,10181.0,4890.0,4000.0,1291.0,0.9059,0.9085,0.9054
8.0,1920989710.5716584,20702458.79896476,120686979.5455346,206098486.8323092,1133822021.3615458,11248.0,4830.0,4016.0,2402.0,0.9059,0.9084,0.9047
9.0,1920989710.5716584,20702458.79896476,120686979.5455346,206098486.8323092,1133822021.3615458,12023.0,4230.0,4316.0,3477.0,0.9059,0.9085,0.9055
10.0,1920989710.5716584,20702458.79896476,120686979.5455346,206098486.8323092,1133822021.3615458,12066.0,4373.0,4416.0,3277.0,0.9056,0.9082,0.9047
11.0,1920989710.5716584,20702458.79896476,120686979.5455346,206098486.8323092,1133822021.3615458,12066.0,4000.0,4545.0,3521.0,0.9059,0.9085,0.9045
12.0,1920989710.5716584,20702458.79896476,120686979.5455346,206098486.8323092,1133822021.3615458,11153.0,4000.0,4000.0,3153.0,0.9059,0.9085,0.9055
13.0,1920989710.5716584,20702458.79896476,120686979.5455346,206098486.8323092,1133822021.3615458,10503.0,4000.0,4000.0,2503.0,0.9059,0.9083,0.9051
1.0,2744271015.1023693,11147477.81482718,172409970.77933496,86585754.82304114,1472132048.8022084,,,,,,,
2.0,2744271015.1023693,11147477.81482718,172409970.77933496,86585754.82304114,1472132048.8022084,,,,,,,
3.0,2744271015.1023693,11147477.81482718,172409970.77933496,86585754.82304114,1472132048.8022084,11037.0,5155.0,4000.0,1882.0,0.9058,0.9084,0.9055
4.0,2744271015.1023693,11147477.81482718,172409970.77933496,86585754.82304114,1472132048.8022084,10791.0,5258.0,4000.0,1533.0,0.9058,0.9085,0.9055
5.0,2744271015.1023693,11147477.81482718,172409970.77933496,86585754.82304114,1472132048.8022084,10265.0,5182.0,4000.0,1083.0,0.9059,0.9085,0.9055
6.0,2744271015.1023693,11147477.81482718,172409970.77933496,86585754.82304114,1472132048.8022084,10223.0,4840.0,4000.0,1383.0,0.9059,0.908,0.9052
7.0,2744271015.1023693,11147477.81482718,172409970.77933496,86585754.82304114,1472132048.8022084,10181.0,4890.0,4000.0,1291.0,0.9059,0.9085,0.9054
8.0,2744271015.1023693,11147477.81482718,172409970.77933496,86585754.82304114,1472132048.8022084,11248.0,4830.0,4016.0,2402.0,0.9059,0.9084,0.9047
9.0,2744271015.1023693,11147477.81482718,172409970.77933496,86585754.82304114,1472132048.8022084,12023.0,4230.0,4316.0,3477.0,0.9059,0.9085,0.9055
10.0,2744271015.1023693,11147477.81482718,172409970.77933496,86585754.82304114,1472132048.8022084,12066.0,4373.0,4416.0,3277.0,0.9056,0.9082,0.9047
11.0,2744271015.1023693,11147477.81482718,172409970.77933496,86585754.82304114,1472132048.8022084,12066.0,4000.0,4545.0,3521.0,0.9059,0.9085,0.9045
12.0,2744271015.1023693,11147477.81482718,172409970.77933496,86585754.82304114,1472132048.8022084,11153.0,4000.0,4000.0,3153.0,0.9059,0.9085,0.9055
13.0,2744271015.1023693,11147477.81482718,172409970.77933496,86585754.82304114,1472132048.8022084,10503.0,4000.0,4000.0,2503.0,0.9059,0.9083,0.9051
1.0,1477684392.7474298,243750504.4670769,92836138.1119496,992067193.2153844,792686487.8165739,,,,,,,
2.0,1477684392.7474298,243750504.4670769,92836138.1119496,992067193.2153844,792686487.8165739,,,,,,,
3.0,1477684392.7474298,243750504.4670769,92836138.1119496,992067193.2153844,792686487.8165739,11037.0,5155.0,4000.0,1882.0,0.9058,0.9084,0.9055
4.0,1477684392.7474298,243750504.4670769,92836138.1119496,992067193.2153844,792686487.8165739,10791.0,5258.0,4000.0,1533.0,0.9058,0.9085,0.9055
5.0,1477684392.7474298,243750504.4670769,92836138.1119496,992067193.2153844,792686487.8165739,10265.0,5182.0,4000.0,1083.0,0.9059,0.9085,0.9055
6.0,1477684392.7474298,243750504.4670769,92836138.1119496,992067193.2153844,792686487.8165739,10223.0,4840.0,4000.0,1383.0,0.9059,0.908,0.9052
7.0,1477684392.7474298,243750504.4670769,92836138.1119496,992067193.2153844,792686487.8165739,10181.0,4890.0,4000.0,1291.0,0.9059,0.9085,0.9054
8.0,1477684392.7474298,243750504.4670769,92836138.1119496,992067193.2153844,792686487.8165739,11248.0,4830.0,4016.0,2402.0,0.9059,0.9084,0.9047
9.0,1477684392.7474298,243750504.4670769,92836138.1119496,992067193.2153844,792686487.8165739,12023.0,4230.0,4316.0,3477.0,0.9059,0.9085,0.9055
10.0,1477684392.7474298,243750504.4670769,92836138.1119496,992067193.2153844,792686487.8165739,12066.0,4373.0,4416.0,3277.0,0.9056,0.9082,0.9047
11.0,1477684392.7474298,243750504.4670769,92836138.1119496,992067193.2153844,792686487.8165739,12066.0,4000.0,4545.0,3521.0,0.9059,0.9085,0.9045
12.0,1477684392.7474298,243750504.4670769,92836138.1119496,992067193.2153844,792686487.8165739,11153.0,4000.0,4000.0,3153.0,0.9059,0.9085,0.9055
13.0,1477684392.7474298,243750504.4670769,92836138.1119496,992067193.2153844,792686487.8165739,10503.0,4000.0,4000.0,2503.0,0.9059,0.9083,0.9051
1.0,4483691039.0,143890645.2243077,2029952952.0,521726858.9107692,9082305290.0,,,,,,,
2.0,4483691039.0,143890645.2243077,2029952952.0,521726858.9107692,9082305290.0,,,,,,,
3.0,4483691039.0,143890645.2243077,2029952952.0,521726858.9107692,9082305290.0,11037.0,5155.0,4000.0,1882.0,0.9058,0.9084,0.9055
4.0,4483691039.0,143890645.2243077,2029952952.0,521726858.9107692,9082305290.0,10791.0,5258.0,4000.0,1533.0,0.9058,0.9085,0.9055
5.0,4483691039.0,143890645.2243077,2029952952.0,521726858.9107692,9082305290.0,10265.0,5182.0,4000.0,1083.0,0.9059,0.9085,0.9055
6.0,4483691039.0,143890645.2243077,2029952952.0,521726858.9107692,9082305290.0,10223.0,4840.0,4000.0,1383.0,0.9059,0.908,0.9052
7.0,4483691039.0,143890645.2243077,2029952952.0,521726858.9107692,9082305290.0,10181.0,4890.0,4000.0,1291.0,0.9059,0.9085,0.9054
8.0,4483691039.0,143890645.2243077,2029952952.0,521726858.9107692,9082305290.0,11248.0,4830.0,4016.0,2402.0,0.9059,0.9084,0.9047
9.0,4483691039.0,143890645.2243077,2029952952.0,521726858.9107692,9082305290.0,12023.0,4230.0,4316.0,3477.0,0.9059,0.9085,0.9055
10.0,4483691039.0,143890645.2243077,2029952952.0,521726858.9107692,9082305290.0,12066.0,4373.0,4416.0,3277.0,0.9056,0.9082,0.9047
11.0,4483691039.0,143890645.2243077,2029952952.0,521726858.9107692,9082305290.0,12066.0,4000.0,4545.0,3521.0,0.9059,0.9085,0.9045
12.0,4483691039.0,143890645.2243077,2029952952.0,521726858.9107692,9082305290.0,11153.0,4000.0,4000.0,3153.0,0.9059,0.9085,0.9055
13.0,4483691039.0,143890645.2243077,2029952952.0,521726858.9107692,9082305290.0,10503.0,4000.0,4000.0,2503.0,0.9059,0.9083,0.9051
1.0,6942866279.0,287263933.9823077,1198320556.0,944275576.1092308,4776372652.0,,,,,,,
2.0,6942866279.0,287263933.9823077,1198320556.0,944275576.1092308,4776372652.0,,,,,,,
3.0,6942866279.0,287263933.9823077,1198320556.0,944275576.1092308,4776372652.0,11037.0,5155.0,4000.0,1882.0,0.9058,0.9084,0.9055
4.0,6942866279.0,287263933.9823077,1198320556.0,944275576.1092308,4776372652.0,10791.0,5258.0,4000.0,1533.0,0.9058,0.9085,0.9055
5.0,6942866279.0,287263933.9823077,1198320556.0,944275576.1092308,4776372652.0,10265.0,5182.0,4000.0,1083.0,0.9059,0.9085,0.9055
6.0,6942866279.0,287263933.9823077,1198320556.0,944275576.1092308,4776372652.0,10223.0,4840.0,4000.0,1383.0,0.9059,0.908,0.9052
7.0,6942866279.0,287263933.9823077,1198320556.0,944275576.1092308,4776372652.0,10181.0,4890.0,4000.0,1291.0,0.9059,0.9085,0.9054
8.0,6942866279.0,287263933.9823077,1198320556.0,944275576.1092308,4776372652.0,11248.0,4830.0,4016.0,2402.0,0.9059,0.9084,0.9047
9.0,6942866279.0,287263933.9823077,1198320556.0,944275576.1092308,4776372652.0,12023.0,4230.0,4316.0,3477.0,0.9059,0.9085,0.9055
10.0,6942866279.0,287263933.9823077,1198320556.0,944275576.1092308,4776372652.0,12066.0,4373.0,4416.0,3277.0,0.9056,0.9082,0.9047
11.0,6942866279.0,287263933.9823077,1198320556.0,944275576.1092308,4776372652.0,12066.0,4000.0,4545.0,3521.0,0.9059,0.9085,0.9045
12.0,6942866279.0,287263933.9823077,1198320556.0,944275576.1092308,4776372652.0,11153.0,4000.0,4000.0,3153.0,0.9059,0.9085,0.9055
13.0,6942866279.0,287263933.9823077,1198320556.0,944275576.1092308,4776372652.0,10503.0,4000.0,4000.0,2503.0,0.9059,0.9083,0.9051
1.0,3513859960.0,204151490.18492308,2392332570.0,1448298453.9430768,8644776401.0,,,,,,,
2.0,3513859960.0,204151490.18492308,2392332570.0,1448298453.9430768,8644776401.0,,,,,,,
3.0,3513859960.0,204151490.18492308,2392332570.0,1448298453.9430768,8644776401.0,11037.0,5155.0,4000.0,1882.0,0.9058,0.9084,0.9055
4.0,3513859960.0,204151490.18492308,2392332570.0,1448298453.9430768,8644776401.0,10791.0,5258.0,4000.0,1533.0,0.9058,0.9085,0.9055
5.0,3513859960.0,204151490.18492308,2392332570.0,1448298453.9430768,8644776401.0,10265.0,5182.0,4000.0,1083.0,0.9059,0.9085,0.9055
6.0,3513859960.0,204151490.18492308,2392332570.0,1448298453.9430768,8644776401.0,10223.0,4840.0,4000.0,1383.0,0.9059,0.908,0.9052
7.0,3513859960.0,204151490.18492308,2392332570.0,1448298453.9430768,8644776401.0,10181.0,4890.0,4000.0,1291.0,0.9059,0.9085,0.9054
8.0,3513859960.0,204151490.18492308,2392332570.0,1448298453.9430768,8644776401.0,11248.0,4830.0,4016.0,2402.0,0.9059,0.9084,0.9047
9.0,3513859960.0,204151490.18492308,2392332570.0,1448298453.9430768,8644776401.0,12023.0,4230.0,4316.0,3477.0,0.9059,0.9085,0.9055
10.0,3513859960.0,204151490.18492308,2392332570.0,1448298453.9430768,8644776401.0,12066.0,4373.0,4416.0,3277.0,0.9056,0.9082,0.9047
11.0,3513859960.0,204151490.18492308,2392332570.0,1448298453.9430768,8644776401.0,12066.0,4000.0,4545.0,3521.0,0.9059,0.9085,0.9045
12.0,3513859960.0,204151490.18492308,2392332570.0,1448298453.9430768,8644776401.0,11153.0,4000.0,4000.0,3153.0,0.9059,0.9085,0.9055
13.0,3513859960.0,204151490.18492308,2392332570.0,1448298453.9430768,8644776401.0,10503.0,4000.0,4000.0,2503.0,0.9059,0.9083,0.9051
1.0,2611491657.0,,1700172564.0,,13259070353.0,,,,,,,
2.0,2611491657.0,,1700172564.0,,13259070353.0,,,,,,,
3.0,2611491657.0,,1700172564.0,,13259070353.0,11037.0,5155.0,4000.0,1882.0,0.9058,0.9084,0.9055
4.0,2611491657.0,,1700172564.0,,13259070353.0,10791.0,5258.0,4000.0,1533.0,0.9058,0.9085,0.9055
5.0,2611491657.0,,1700172564.0,,13259070353.0,10265.0,5182.0,4000.0,1083.0,0.9059,0.9085,0.9055
6.0,2611491657.0,,1700172564.0,,13259070353.0,10223.0,4840.0,4000.0,1383.0,0.9059,0.908,0.9052
7.0,2611491657.0,,1700172564.0,,13259070353.0,10181.0,4890.0,4000.0,1291.0,0.9059,0.9085,0.9054
8.0,2611491657.0,,1700172564.0,,13259070353.0,11248.0,4830.0,4016.0,2402.0,0.9059,0.9084,0.9047
9.0,2611491657.0,,1700172564.0,,13259070353.0,12023.0,4230.0,4316.0,3477.0,0.9059,0.9085,0.9055
10.0,2611491657.0,,1700172564.0,,13259070353.0,12066.0,4373.0,4416.0,3277.0,0.9056,0.9082,0.9047
11.0,2611491657.0,,1700172564.0,,13259070353.0,12066.0,4000.0,4545.0,3521.0,0.9059,0.9085,0.9045
12.0,2611491657.0,,1700172564.0,,13259070353.0,11153.0,4000.0,4000.0,3153.0,0.9059,0.9085,0.9055
13.0,2611491657.0,,1700172564.0,,13259070353.0,10503.0,4000.0,4000.0,2503.0,0.9059,0.9083,0.9051
1.0,1540401888.0,,2558729191.0,,14636965958.0,,,,,,,
2.0,1540401888.0,,2558729191.0,,14636965958.0,,,,,,,
3.0,1540401888.0,,2558729191.0,,14636965958.0,11037.0,5155.0,4000.0,1882.0,0.9058,0.9084,0.9055
4.0,1540401888.0,,2558729191.0,,14636965958.0,10791.0,5258.0,4000.0,1533.0,0.9058,0.9085,0.9055
5.0,1540401888.0,,2558729191.0,,14636965958.0,10265.0,5182.0,4000.0,1083.0,0.9059,0.9085,0.9055
6.0,1540401888.0,,2558729191.0,,14636965958.0,10223.0,4840.0,4000.0,1383.0,0.9059,0.908,0.9052
7.0,1540401888.0,,2558729191.0,,14636965958.0,10181.0,4890.0,4000.0,1291.0,0.9059,0.9085,0.9054
8.0,1540401888.0,,2558729191.0,,14636965958.0,11248.0,4830.0,4016.0,2402.0,0.9059,0.9084,0.9047
9.0,1540401888.0,,2558729191.0,,14636965958.0,12023.0,4230.0,4316.0,3477.0,0.9059,0.9085,0.9055
10.0,1540401888.0,,2558729191.0,,14636965958.0,12066.0,4373.0,4416.0,3277.0,0.9056,0.9082,0.9047
11.0,1540401888.0,,2558729191.0,,14636965958.0,12066.0,4000.0,4545.0,3521.0,0.9059,0.9085,0.9045
12.0,1540401888.0,,2558729191.0,,14636965958.0,11153.0,4000.0,4000.0,3153.0,0.9059,0.9085,0.9055
13.0,1540401888.0,,2558729191.0,,14636965958.0,10503.0,4000.0,4000.0,2503.0,0.9059,0.9083,0.9051
1.0,3641157689.0,,679981194.0,,5009097095.0,,,,,,,
2.0,3641157689.0,,679981194.0,,5009097095.0,,,,,,,
3.0,3641157689.0,,679981194.0,,5009097095.0,11037.0,5155.0,4000.0,1882.0,0.9058,0.9084,0.9055
4.0,3641157689.0,,679981194.0,,5009097095.0,10791.0,5258.0,4000.0,1533.0,0.9058,0.9085,0.9055
5.0,3641157689.0,,679981194.0,,5009097095.0,10265.0,5182.0,4000.0,1083.0,0.9059,0.9085,0.9055
6.0,3641157689.0,,679981194.0,,5009097095.0,10223.0,4840.0,4000.0,1383.0,0.9059,0.908,0.9052
7.0,3641157689.0,,679981194.0,,5009097095.0,10181.0,4890.0,4000.0,1291.0,0.9059,0.9085,0.9054
8.0,3641157689.0,,679981194.0,,5009097095.0,11248.0,4830.0,4016.0,2402.0,0.9059,0.9084,0.9047
9.0,3641157689.0,,679981194.0,,5009097095.0,12023.0,4230.0,4316.0,3477.0,0.9059,0.9085,0.9055
10.0,3641157689.0,,679981194.0,,5009097095.0,12066.0,4373.0,4416.0,3277.0,0.9056,0.9082,0.9047
11.0,3641157689.0,,679981194.0,,5009097095.0,12066.0,4000.0,4545.0,3521.0,0.9059,0.9085,0.9045
12.0,3641157689.0,,679981194.0,,5009097095.0,11153.0,4000.0,4000.0,3153.0,0.9059,0.9085,0.9055
13.0,3641157689.0,,679981194.0,,5009097095.0,10503.0,4000.0,4000.0,2503.0,0.9059,0.9083,0.9051
1.0,2129799840.0,,1235318519.0,,3076657109.0,,,,,,,
2.0,2129799840.0,,1235318519.0,,3076657109.0,,,,,,,
3.0,2129799840.0,,1235318519.0,,3076657109.0,11037.0,5155.0,4000.0,1882.0,0.9058,0.9084,0.9055
4.0,2129799840.0,,1235318519.0,,3076657109.0,10791.0,5258.0,4000.0,1533.0,0.9058,0.9085,0.9055
5.0,2129799840.0,,1235318519.0,,3076657109.0,10265.0,5182.0,4000.0,1083.0,0.9059,0.9085,0.9055
6.0,2129799840.0,,1235318519.0,,3076657109.0,10223.0,4840.0,4000.0,1383.0,0.9059,0.908,0.9052
7.0,2129799840.0,,1235318519.0,,3076657109.0,10181.0,4890.0,4000.0,1291.0,0.9059,0.9085,0.9054
8.0,2129799840.0,,1235318519.0,,3076657109.0,11248.0,4830.0,4016.0,2402.0,0.9059,0.9084,0.9047
9.0,2129799840.0,,1235318519.0,,3076657109.0,12023.0,4230.0,4316.0,3477.0,0.9059,0.9085,0.9055
10.0,2129799840.0,,1235318519.0,,3076657109.0,12066.0,4373.0,4416.0,3277.0,0.9056,0.9082,0.9047
11.0,2129799840.0,,1235318519.0,,3076657109.0,12066.0,4000.0,4545.0,3521.0,0.9059,0.9085,0.9045
12.0,2129799840.0,,1235318519.0,,3076657109.0,11153.0,4000.0,4000.0,3153.0,0.9059,0.9085,0.9055
13.0,2129799840.0,,1235318519.0,,3076657109.0,10503.0,4000.0,4000.0,2503.0,0.9059,0.9083,0.9051
1.0,3999136982.0,,1051986719.0,,6336835871.0,,,,,,,
2.0,3999136982.0,,1051986719.0,,6336835871.0,,,,,,,
3.0,3999136982.0,,1051986719.0,,6336835871.0,11037.0,5155.0,4000.0,1882.0,0.9058,0.9084,0.9055
4.0,3999136982.0,,1051986719.0,,6336835871.0,10791.0,5258.0,4000.0,1533.0,0.9058,0.9085,0.9055
5.0,3999136982.0,,1051986719.0,,6336835871.0,10265.0,5182.0,4000.0,1083.0,0.9059,0.9085,0.9055
6.0,3999136982.0,,1051986719.0,,6336835871.0,10223.0,4840.0,4000.0,1383.0,0.9059,0.908,0.9052
7.0,3999136982.0,,1051986719.0,,6336835871.0,10181.0,4890.0,4000.0,1291.0,0.9059,0.9085,0.9054
8.0,3999136982.0,,1051986719.0,,6336835871.0,11248.0,4830.0,4016.0,2402.0,0.9059,0.9084,0.9047
9.0,3999136982.0,,1051986719.0,,6336835871.0,12023.0,4230.0,4316.0,3477.0,0.9059,0.9085,0.9055
10.0,3999136982.0,,1051986719.0,,6336835871.0,12066.0,4373.0,4416.0,3277.0,0.9056,0.9082,0.9047
11.0,3999136982.0,,1051986719.0,,6336835871.0,12066.0,4000.0,4545.0,3521.0,0.9059,0.9085,0.9045
12.0,3999136982.0,,1051986719.0,,6336835871.0,11153.0,4000.0,4000.0,3153.0,0.9059,0.9085,0.9055
13.0,3999136982.0,,1051986719.0,,6336835871.0,10503.0,4000.0,4000.0,2503.0,0.9059,0.9083,0.9051
1.0,3229493114.0,,2280317814.0,,4869241729.0,,,,,,,
2.0,3229493114.0,,2280317814.0,,4869241729.0,,,,,,,
3.0,3229493114.0,,2280317814.0,,4869241729.0,11037.0,5155.0,4000.0,1882.0,0.9058,0.9084,0.9055
4.0,3229493114.0,,2280317814.0,,4869241729.0,10791.0,5258.0,4000.0,1533.0,0.9058,0.9085,0.9055
5.0,3229493114.0,,2280317814.0,,4869241729.0,10265.0,5182.0,4000.0,1083.0,0.9059,0.9085,0.9055
6.0,3229493114.0,,2280317814.0,,4869241729.0,10223.0,4840.0,4000.0,1383.0,0.9059,0.908,0.9052
7.0,3229493114.0,,2280317814.0,,4869241729.0,10181.0,4890.0,4000.0,1291.0,0.9059,0.9085,0.9054
8.0,3229493114.0,,2280317814.0,,4869241729.0,11248.0,4830.0,4016.0,2402.0,0.9059,0.9084,0.9047
9.0,3229493114.0,,2280317814.0,,4869241729.0,12023.0,4230.0,4316.0,3477.0,0.9059,0.9085,0.9055
10.0,3229493114.0,,2280317814.0,,4869241729.0,12066.0,4373.0,4416.0,3277.0,0.9056,0.9082,0.9047
11.0,3229493114.0,,2280317814.0,,4869241729.0,12066.0,4000.0,4545.0,3521.0,0.9059,0.9085,0.9045
12.0,3229493114.0,,2280317814.0,,4869241729.0,11153.0,4000.0,4000.0,3153.0,0.9059,0.9085,0.9055
13.0,3229493114.0,,2280317814.0,,4869241729.0,10503.0,4000.0,4000.0,2503.0,0.9059,0.9083,0.9051
1.0,4841253891.0,,1716153959.0,,2366380350.0,,,,,,,
2.0,4841253891.0,,1716153959.0,,2366380350.0,,,,,,,
3.0,4841253891.0,,1716153959.0,,2366380350.0,11037.0,5155.0,4000.0,1882.0,0.9058,0.9084,0.9055
4.0,4841253891.0,,1716153959.0,,2366380350.0,10791.0,5258.0,4000.0,1533.0,0.9058,0.9085,0.9055
5.0,4841253891.0,,1716153959.0,,2366380350.0,10265.0,5182.0,4000.0,1083.0,0.9059,0.9085,0.9055
6.0,4841253891.0,,1716153959.0,,2366380350.0,10223.0,4840.0,4000.0,1383.0,0.9059,0.908,0.9052
7.0,4841253891.0,,1716153959.0,,2366380350.0,10181.0,4890.0,4000.0,1291.0,0.9059,0.9085,0.9054
8.0,4841253891.0,,1716153959.0,,2366380350.0,11248.0,4830.0,4016.0,2402.0,0.9059,0.9084,0.9047
9.0,4841253891.0,,1716153959.0,,2366380350.0,12023.0,4230.0,4316.0,3477.0,0.9059,0.9085,0.9055
10.0,4841253891.0,,1716153959.0,,2366380350.0,12066.0,4373.0,4416.0,3277.0,0.9056,0.9082,0.9047
11.0,4841253891.0,,1716153959.0,,2366380350.0,12066.0,4000.0,4545.0,3521.0,0.9059,0.9085,0.9045
12.0,4841253891.0,,1716153959.0,,2366380350.0,11153.0,4000.0,4000.0,3153.0,0.9059,0.9085,0.9055
13.0,4841253891.0,,1716153959.0,,2366380350.0,10503.0,4000.0,4000.0,2503.0,0.9059,0.9083,0.9051
1.0,2799733837.0,,1043557130.0,,8886117345.0,,,,,,,
2.0,2799733837.0,,1043557130.0,,8886117345.0,,,,,,,
3.0,2799733837.0,,1043557130.0,,8886117345.0,11037.0,5155.0,4000.0,1882.0,0.9058,0.9084,0.9055
4.0,2799733837.0,,1043557130.0,,8886117345.0,10791.0,5258.0,4000.0,1533.0,0.9058,0.9085,0.9055
5.0,2799733837.0,,1043557130.0,,8886117345.0,10265.0,5182.0,4000.0,1083.0,0.9059,0.9085,0.9055
6.0,2799733837.0,,1043557130.0,,8886117345.0,10223.0,4840.0,4000.0,1383.0,0.9059,0.908,0.9052
7.0,2799733837.0,,1043557130.0,,8886117345.0,10181.0,4890.0,4000.0,1291.0,0.9059,0.9085,0.9054
8.0,2799733837.0,,1043557130.0,,8886117345.0,11248.0,4830.0,4016.0,2402.0,0.9059,0.9084,0.9047
9.0,2799733837.0,,1043557130.0,,8886117345.0,12023.0,4230.0,4316.0,3477.0,0.9059,0.9085,0.9055
10.0,2799733837.0,,1043557130.0,,8886117345.0,12066.0,4373.0,4416.0,3277.0,0.9056,0.9082,0.9047
11.0,2799733837.0,,1043557130.0,,8886117345.0,12066.0,4000.0,4545.0,3521.0,0.9059,0.9085,0.9045
12.0,2799733837.0,,1043557130.0,,8886117345.0,11153.0,4000.0,4000.0,3153.0,0.9059,0.9085,0.9055
13.0,2799733837.0,,1043557130.0,,8886117345.0,10503.0,4000.0,4000.0,2503.0,0.9059,0.9083,0.9051
1.0,3108651811.0,,2144985258.0,,10960561216.0,,,,,,,
2.0,3108651811.0,,2144985258.0,,10960561216.0,,,,,,,
3.0,3108651811.0,,2144985258.0,,10960561216.0,11037.0,5155.0,4000.0,1882.0,0.9058,0.9084,0.9055
4.0,3108651811.0,,2144985258.0,,10960561216.0,10791.0,5258.0,4000.0,1533.0,0.9058,0.9085,0.9055
5.0,3108651811.0,,2144985258.0,,10960561216.0,10265.0,5182.0,4000.0,1083.0,0.9059,0.9085,0.9055
6.0,3108651811.0,,2144985258.0,,10960561216.0,10223.0,4840.0,4000.0,1383.0,0.9059,0.908,0.9052
7.0,3108651811.0,,2144985258.0,,10960561216.0,10181.0,4890.0,4000.0,1291.0,0.9059,0.9085,0.9054
8.0,3108651811.0,,2144985258.0,,10960561216.0,11248.0,4830.0,4016.0,2402.0,0.9059,0.9084,0.9047
9.0,3108651811.0,,2144985258.0,,10960561216.0,12023.0,4230.0,4316.0,3477.0,0.9059,0.9085,0.9055
10.0,3108651811.0,,2144985258.0,,10960561216.0,12066.0,4373.0,4416.0,3277.0,0.9056,0.9082,0.9047
11.0,3108651811.0,,2144985258.0,,10960561216.0,12066.0,4000.0,4545.0,3521.0,0.9059,0.9085,0.9045
12.0,3108651811.0,,2144985258.0,,10960561216.0,11153.0,4000.0,4000.0,3153.0,0.9059,0.9085,0.9055
13.0,3108651811.0,,2144985258.0,,10960561216.0,10503.0,4000.0,4000.0,2503.0,0.9059,0.9083,0.9051
1.0,2338729679.0,,1892232865.0,,9553273310.0,,,,,,,
2.0,2338729679.0,,1892232865.0,,9553273310.0,,,,,,,
3.0,2338729679.0,,1892232865.0,,9553273310.0,11037.0,5155.0,4000.0,1882.0,0.9058,0.9084,0.9055
4.0,2338729679.0,,1892232865.0,,9553273310.0,10791.0,5258.0,4000.0,1533.0,0.9058,0.9085,0.9055
5.0,2338729679.0,,1892232865.0,,9553273310.0,10265.0,5182.0,4000.0,1083.0,0.9059,0.9085,0.9055
6.0,2338729679.0,,1892232865.0,,9553273310.0,10223.0,4840.0,4000.0,1383.0,0.9059,0.908,0.9052
7.0,2338729679.0,,1892232865.0,,9553273310.0,10181.0,4890.0,4000.0,1291.0,0.9059,0.9085,0.9054
8.0,2338729679.0,,1892232865.0,,9553273310.0,11248.0,4830.0,4016.0,2402.0,0.9059,0.9084,0.9047
9.0,2338729679.0,,1892232865.0,,9553273310.0,12023.0,4230.0,4316.0,3477.0,0.9059,0.9085,0.9055
10.0,2338729679.0,,1892232865.0,,9553273310.0,12066.0,4373.0,4416.0,3277.0,0.9056,0.9082,0.9047
11.0,2338729679.0,,1892232865.0,,9553273310.0,12066.0,4000.0,4545.0,3521.0,0.9059,0.9085,0.9045
12.0,2338729679.0,,1892232865.0,,9553273310.0,11153.0,4000.0,4000.0,3153.0,0.9059,0.9085,0.9055
13.0,2338729679.0,,1892232865.0,,9553273310.0,10503.0,4000.0,4000.0,2503.0,0.9059,0.9083,0.9051
1.0,5089378170.0,,813031055.0,,11416542925.0,,,,,,,
2.0,5089378170.0,,813031055.0,,11416542925.0,,,,,,,
3.0,5089378170.0,,813031055.0,,11416542925.0,11037.0,5155.0,4000.0,1882.0,0.9058,0.9084,0.9055
4.0,5089378170.0,,813031055.0,,11416542925.0,10791.0,5258.0,4000.0,1533.0,0.9058,0.9085,0.9055
5.0,5089378170.0,,813031055.0,,11416542925.0,10265.0,5182.0,4000.0,1083.0,0.9059,0.9085,0.9055
6.0,5089378170.0,,813031055.0,,11416542925.0,10223.0,4840.0,4000.0,1383.0,0.9059,0.908,0.9052
7.0,5089378170.0,,813031055.0,,11416542925.0,10181.0,4890.0,4000.0,1291.0,0.9059,0.9085,0.9054
8.0,5089378170.0,,813031055.0,,11416542925.0,11248.0,4830.0,4016.0,2402.0,0.9059,0.9084,0.9047
9.0,5089378170.0,,813031055.0,,11416542925.0,12023.0,4230.0,4316.0,3477.0,0.9059,0.9085,0.9055
10.0,5089378170.0,,813031055.0,,11416542925.0,12066.0,4373.0,4416.0,3277.0,0.9056,0.9082,0.9047
11.0,5089378170.0,,813031055.0,,11416542925.0,12066.0,4000.0,4545.0,3521.0,0.9059,0.9085,0.9045
12.0,5089378170.0,,813031055.0,,11416542925.0,11153.0,4000.0,4000.0,3153.0,0.9059,0.9085,0.9055
13.0,5089378170.0,,813031055.0,,11416542925.0,10503.0,4000.0,4000.0,2503.0,0.9059,0.9083,0.9051
1.0,5928392971.0,,1963865830.0,,11288374390.0,,,,,,,
2.0,5928392971.0,,1963865830.0,,11288374390.0,,,,,,,
3.0,5928392971.0,,1963865830.0,,11288374390.0,11037.0,5155.0,4000.0,1882.0,0.9058,0.9084,0.9055
4.0,5928392971.0,,1963865830.0,,11288374390.0,10791.0,5258.0,4000.0,1533.0,0.9058,0.9085,0.9055
5.0,5928392971.0,,1963865830.0,,11288374390.0,10265.0,5182.0,4000.0,1083.0,0.9059,0.9085,0.9055
6.0,5928392971.0,,1963865830.0,,11288374390.0,10223.0,4840.0,4000.0,1383.0,0.9059,0.908,0.9052
7.0,5928392971.0,,1963865830.0,,11288374390.0,10181.0,4890.0,4000.0,1291.0,0.9059,0.9085,0.9054
8.0,5928392971.0,,1963865830.0,,11288374390.0,11248.0,4830.0,4016.0,2402.0,0.9059,0.9084,0.9047
9.0,5928392971.0,,1963865830.0,,11288374390.0,12023.0,4230.0,4316.0,3477.0,0.9059,0.9085,0.9055
10.0,5928392971.0,,1963865830.0,,11288374390.0,12066.0,4373.0,4416.0,3277.0,0.9056,0.9082,0.9047
11.0,5928392971.0,,1963865830.0,,11288374390.0,12066.0,4000.0,4545.0,3521.0,0.9059,0.9085,0.9045
12.0,5928392971.0,,1963865830.0,,11288374390.0,11153.0,4000.0,4000.0,3153.0,0.9059,0.9085,0.9055
13.0,5928392971.0,,1963865830.0,,11288374390.0,10503.0,4000.0,4000.0,2503.0,0.9059,0.9083,0.9051
1.0,1690158851.0,,1631591332.0,,3736677684.0,,,,,,,
2.0,1690158851.0,,1631591332.0,,3736677684.0,,,,,,,
3.0,1690158851.0,,1631591332.0,,3736677684.0,11037.0,5155.0,4000.0,1882.0,0.9058,0.9084,0.9055
4.0,1690158851.0,,1631591332.0,,3736677684.0,10791.0,5258.0,4000.0,1533.0,0.9058,0.9085,0.9055
5.0,1690158851.0,,1631591332.0,,3736677684.0,10265.0,5182.0,4000.0,1083.0,0.9059,0.9085,0.9055
6.0,1690158851.0,,1631591332.0,,3736677684.0,10223.0,4840.0,4000.0,1383.0,0.9059,0.908,0.9052
7.0,1690158851.0,,1631591332.0,,3736677684.0,10181.0,4890.0,4000.0,1291.0,0.9059,0.9085,0.9054
8.0,1690158851.0,,1631591332.0,,3736677684.0,11248.0,4830.0,4016.0,2402.0,0.9059,0.9084,0.9047
9.0,1690158851.0,,1631591332.0,,3736677684.0,12023.0,4230.0,4316.0,3477.0,0.9059,0.9085,0.9055
10.0,1690158851.0,,1631591332.0,,3736677684.0,12066.0,4373.0,4416.0,3277.0,0.9056,0.9082,0.9047
11.0,1690158851.0,,1631591332.0,,3736677684.0,12066.0,4000.0,4545.0,3521.0,0.9059,0.9085,0.9045
12.0,1690158851.0,,1631591332.0,,3736677684.0,11153.0,4000.0,4000.0,3153.0,0.9059,0.9085,0.9055
13.0,1690158851.0,,1631591332.0,,3736677684.0,10503.0,4000.0,4000.0,2503.0,0.9059,0.9083,0.9051
1.0,2434860447.0,,803641152.0,,4331513188.0,,,,,,,
2.0,2434860447.0,,803641152.0,,4331513188.0,,,,,,,
3.0,2434860447.0,,803641152.0,,4331513188.0,11037.0,5155.0,4000.0,1882.0,0.9058,0.9084,0.9055
4.0,2434860447.0,,803641152.0,,4331513188.0,10791.0,5258.0,4000.0,1533.0,0.9058,0.9085,0.9055
5.0,2434860447.0,,803641152.0,,4331513188.0,10265.0,5182.0,4000.0,1083.0,0.9059,0.9085,0.9055
6.0,2434860447.0,,803641152.0,,4331513188.0,10223.0,4840.0,4000.0,1383.0,0.9059,0.908,0.9052
7.0,2434860447.0,,803641152.0,,4331513188.0,10181.0,4890.0,4000.0,1291.0,0.9059,0.9085,0.9054
8.0,2434860447.0,,803641152.0,,4331513188.0,11248.0,4830.0,4016.0,2402.0,0.9059,0.9084,0.9047
9.0,2434860447.0,,803641152.0,,4331513188.0,12023.0,4230.0,4316.0,3477.0,0.9059,0.9085,0.9055
10.0,2434860447.0,,803641152.0,,4331513188.0,12066.0,4373.0,4416.0,3277.0,0.9056,0.9082,0.9047
11.0,2434860447.0,,803641152.0,,4331513188.0,12066.0,4000.0,4545.0,3521.0,0.9059,0.9085,0.9045
12.0,2434860447.0,,803641152.0,,4331513188.0,11153.0,4000.0,4000.0,3153.0,0.9059,0.9085,0.9055
13.0,2434860447.0,,803641152.0,,4331513188.0,10503.0,4000.0,4000.0,2503.0,0.9059,0.9083,0.9051
1.0,2751263430.0,,899379883.0,,3669820560.0,,,,,,,
2.0,2751263430.0,,899379883.0,,3669820560.0,,,,,,,
3.0,2751263430.0,,899379883.0,,3669820560.0,11037.0,5155.0,4000.0,1882.0,0.9058,0.9084,0.9055
4.0,2751263430.0,,899379883.0,,3669820560.0,10791.0,5258.0,4000.0,1533.0,0.9058,0.9085,0.9055
5.0,2751263430.0,,899379883.0,,3669820560.0,10265.0,5182.0,4000.0,1083.0,0.9059,0.9085,0.9055
6.0,2751263430.0,,899379883.0,,3669820560.0,10223.0,4840.0,4000.0,1383.0,0.9059,0.908,0.9052
7.0,2751263430.0,,899379883.0,,3669820560.0,10181.0,4890.0,4000.0,1291.0,0.9059,0.9085,0.9054
8.0,2751263430.0,,899379883.0,,3669820560.0,11248.0,4830.0,4016.0,2402.0,0.9059,0.9084,0.9047
9.0,2751263430.0,,899379883.0,,3669820560.0,12023.0,4230.0,4316.0,3477.0,0.9059,0.9085,0.9055
10.0,2751263430.0,,899379883.0,,3669820560.0,12066.0,4373.0,4416.0,3277.0,0.9056,0.9082,0.9047
11.0,2751263430.0,,899379883.0,,3669820560.0,12066.0,4000.0,4545.0,3521.0,0.9059,0.9085,0.9045
12.0,2751263430.0,,899379883.0,,3669820560.0,11153.0,4000.0,4000.0,3153.0,0.9059,0.9085,0.9055
13.0,2751263430.0,,899379883.0,,3669820560.0,10503.0,4000.0,4000.0,2503.0,0.9059,0.9083,0.9051
